control_id,control_description,tsc_criteria,status,owner,evidence
CTL-01,"Security policies approved annually and communicated to staff",CC1.1;CC2.2;CC5.3,implemented,CISO,"Policy portal; annual ack records"
CTL-02,"Board/oversight body reviews security program quarterly",CC1.2,implemented,CISO,"Board minutes"
CTL-03,"Onboarding/offboarding provisions and deprovisions access",CC6.1;CC6.2;CC6.3,implemented,IT,"HRIS + IAM tickets"
CTL-04,"MFA enforced for all remote and privileged access",CC6.1;CC6.6,implemented,IT,"IdP config; access review"
CTL-05,"Least privilege and quarterly access reviews",CC6.3,partial,IT,"Q1/Q2 access review (Q3 pending)"
CTL-06,"Endpoint protection (EDR) deployed and monitored",CC6.8;CC7.2,implemented,SecOps,"EDR console coverage report"
CTL-07,"Vulnerability scanning and remediation SLAs",CC7.1,implemented,SecOps,"Scan reports; POA&M"
CTL-08,"Security incident response plan tested annually",CC7.3;CC7.4;CC7.5,implemented,SecOps,"IR plan; tabletop results"
CTL-09,"Change management with review/approval and testing",CC8.1,implemented,Eng,"PR reviews; CI gates; CAB records"
CTL-10,"Risk assessments performed at least annually",CC3.1;CC3.2;CC3.4,implemented,Risk,"Risk register; assessment memo"
CTL-11,"Fraud risk considered in risk assessment",CC3.3,not_implemented,Risk,""
CTL-12,"Continuous monitoring and deficiency remediation",CC4.1;CC4.2,partial,SecOps,"Monitoring dashboards (formal eval cadence WIP)"
CTL-13,"Vendor risk management and reviews",CC9.2,implemented,Procurement,"Vendor assessments; SOC 2s on file"
CTL-14,"Data-in-transit and at-rest encryption",CC6.7,implemented,Eng,"TLS config; KMS"
CTL-15,"BC/DR with backups and annual recovery test",A1.2;A1.3,implemented,IT,"Backup config; DR test report"
CTL-16,"Capacity monitoring and scaling",A1.1,implemented,SRE,"Capacity dashboards"
CTL-17,"Confidential data classification and disposal",C1.1;C1.2,partial,Data,"Classification policy (disposal automation WIP)"
