control_id,control_description,tsc_criteria,owner,evidence_glob,toolkit_command
CTL-01,"Security policies approved and communicated",CC1.1;CC2.2;CC5.3,CISO,"policy*.pdf;policies/*.md","(manual: upload approved policy docs)"
CTL-03,"Onboarding/offboarding provisions and deprovisions access",CC6.1;CC6.2;CC6.3,IT,"access_review*.csv;iam*.json","cloud/ciem/aws_least_privilege.py"
CTL-04,"MFA enforced for remote and privileged access",CC6.1;CC6.6,IT,"ciem*.txt;mfa*.json","cloud/ciem/aws_least_privilege.py"
CTL-05,"Least privilege and periodic access reviews",CC6.3,IT,"access_review*.csv;ciem*.json","cloud/ciem/aws_least_privilege.py"
CTL-06,"Endpoint/EDR + detection monitoring",CC6.8;CC7.2,SecOps,"detection*.json;edr*.json","cloud/detection/aws_detection_coverage.py"
CTL-07,"Vulnerability scanning and remediation SLAs",CC7.1,SecOps,"vm_report.md;prowler*/*;sca*.sarif","vulnmgmt/report/vm_metrics.py; cloud/prowler_scan.sh"
CTL-08,"Incident response plan tested",CC7.3;CC7.4;CC7.5,SecOps,"incident_*.md;ir_tabletop*.pdf","soc/incident/incident_report.py"
CTL-09,"Change management with review/approval and testing",CC8.1,Eng,"*.sarif;change*.csv","(CI: appsec/pipeline + PR reviews)"
CTL-10,"Risk assessments performed periodically",CC3.1;CC3.2;CC3.4,Risk,"risk_assessment*.pdf;risk_register*.csv","(manual: risk register)"
CTL-13,"Vendor risk management and reviews",CC9.2,Procurement,"vendor*/*;subservice*.csv","(manual: vendor SOC 2 reports)"
CTL-14,"Encryption in transit and at rest",CC6.7,Eng,"tls*.txt;prowler*/*;kms*.json","recon/tls_cert_check.py; cloud/prowler_scan.sh"
CTL-15,"BC/DR with backups and recovery test",A1.2;A1.3,IT,"dr_test*.pdf;backup*.log","(manual: DR test report)"
CTL-16,"Capacity monitoring",A1.1,SRE,"capacity*.png;capacity*.csv","(manual: capacity dashboards)"
CTL-17,"Confidential data classification and disposal",C1.1;C1.2,Data,"classification*.csv;disposal*.log","(manual: classification policy)"
CTL-STIG,"System hardening (STIG/CIS baseline)",CC6.1;CC7.1,SecOps,"stig-report.html;cis-*/*","dod/scripts/gate_stig.sh; cloud/benchmarks/cis_benchmark.sh"
CTL-SBOM,"Software inventory / SBOM",CC7.1;CC8.1,Eng,"*.cdx.json;*.spdx.json","dod/scripts/generate_sbom.sh"
CTL-SECRETS,"No secrets in source",CC6.1,Eng,"secrets*.sarif;gitleaks*.sarif","devsecops/secrets_scan.py"
