control_id,control_name,nist_800_53,nist_csf_2,iso_27001,soc2_tsc,pci_dss_4,cis_v8,cmmc_l2
CTL-01,"Security policies & governance",PL-1;PM-1,GV.PO,A.5.1,CC1.1;CC5.3,12.1,14,PL.L2
CTL-03,"Identity provisioning/deprovisioning",AC-2,PR.AA-01,A.5.16;A.5.18,CC6.2,8.2,5,AC.L2
CTL-04,"Multi-factor authentication",IA-2(1),PR.AA-03,A.8.5,CC6.1;CC6.6,8.4,6,IA.L2
CTL-05,"Least privilege & access reviews",AC-6,PR.AA-05,A.8.2;A.5.18,CC6.3,7.2,6,AC.L2
CTL-06,"Endpoint/EDR & anti-malware",SI-3,DE.CM-01,A.8.7,CC6.8;CC7.2,5.2,10,SI.L2
CTL-07,"Vulnerability management",RA-5;SI-2,ID.RA-01;PR.PS,A.8.8,CC7.1,11.3,7,RA.L2
CTL-08,"Incident response",IR-4;IR-6,RS.MA;RS.CO,A.5.24;A.5.26,CC7.3;CC7.4;CC7.5,12.10,17,IR.L2
CTL-09,"Change management",CM-3,PR.PS-01,A.8.32,CC8.1,6.5,4,CM.L2
CTL-10,"Risk assessment & management",RA-3;PM-9,ID.RA;GV.RM,A.5.7;Clause 6.1,CC3.1;CC3.2,12.2,,RA.L2
CTL-13,"Third-party / supply chain risk",SR-3;SA-9,GV.SC,A.5.19;A.5.21,CC9.2,12.8,15,SR.L2
CTL-14,"Encryption in transit & at rest",SC-13;SC-28,PR.DS-01;PR.DS-02,A.8.24,CC6.7,3.5;4.2,3,SC.L2
CTL-15,"Backup & disaster recovery",CP-9;CP-10,RC.RP,A.8.13;A.5.29,A1.2;A1.3,,11,CP.L2
CTL-16,"Capacity & availability monitoring",SC-5;AU-6,DE.CM,A.8.6,A1.1,,8,SI.L2
CTL-17,"Data classification & handling",MP-4;RA-2,ID.AM-05,A.5.12;A.5.13,C1.1;C1.2,3.1,3,MP.L2
CTL-STIG,"Secure configuration / hardening",CM-6;CM-7,PR.PS-01,A.8.9,CC6.1;CC7.1,2.2,4,CM.L2
CTL-SBOM,"Software inventory / SBOM",CM-8;SR-4,ID.AM-02,A.8.8,CC7.1,,2,CM.L2
CTL-SECRETS,"Secrets management",IA-5;SC-12,PR.AA-01,A.8.24,CC6.1,8.3,,IA.L2
CTL-LOG,"Audit logging & monitoring",AU-2;AU-6,DE.CM;DE.AE,A.8.15;A.8.16,CC7.2,10.2,8,AU.L2
